{
  "a": [
    0.3680005967617035,
    0.43185698986053467,
    -0.23854535818099976,
    0.11165598034858704,
    0.42449358105659485,
    0.14114825427532196,
    -0.15195417404174805,
    -0.2939643859863281,
    -0.20922042429447174,
    0.23994393646717072,
    -0.3115784525871277,
    -0.2584427297115326,
    0.025981809943914413,
    0.014512676745653152,
    0.18159231543540955
  ],
  "b": [
    0.26045912504196167,
    0.3643670678138733,
    -0.20142404735088348,
    0.19478298723697662,
    0.38081035017967224,
    0.24830426275730133,
    -0.08845777809619904,
    -0.5085778832435608,
    -0.18206585943698883,
    0.17841915786266327,
    -0.2534257471561432,
    -0.2980901300907135,
    0.08637877553701401,
    0.136662557721138,
    -0.059465546160936356
  ],
  "c": [
    -0.26257070899009705,
    -0.37447649240493774,
    0.20709489285945892,
    -0.21104620397090912,
    -0.394051730632782,
    -0.2692527174949646,
    0.08660683780908585,
    0.5510333776473999,
    0.18734978139400482,
    -0.1808309406042099,
    0.25913313031196594,
    0.315311998128891,
    -0.09598102420568466,
    -0.1542052924633026,
    0.08397302776575089
  ],
  "d": [
    0.13874967396259308,
    0.2866098880767822,
    -0.15327753126621246,
    0.2393316775560379,
    0.3003027141094208,
    0.2971559762954712,
    -0.03665054589509964,
    -0.6057896614074707,
    -0.17766286432743073,
    0.11525465548038483,
    -0.21580791473388672,
    -0.2778339087963104,
    0.1031309962272644,
    0.18820951879024506,
    -0.23738275468349457
  ],
  "e": [
    0.14657525718212128,
    0.26874181628227234,
    -0.14926478266716003,
    0.2400600016117096,
    0.30452361702919006,
    0.30789804458618164,
    -0.027030672878026962,
    -0.6266355514526367,
    -0.13650493323802948,
    0.10903634876012802,
    -0.17529359459877014,
    -0.2991877794265747,
    0.12756918370723724,
    0.22272969782352448,
    -0.24681366980075836
  ],
  "f": [
    -0.2762313485145569,
    -0.38063839077949524,
    0.21044091880321503,
    -0.19546256959438324,
    -0.3961314857006073,
    -0.2491481453180313,
    0.09556986391544342,
    0.5106291770935059,
    0.18956008553504944,
    -0.18833179771900177,
    0.2653363347053528,
    0.3051852583885193,
    -0.08522795885801315,
    -0.13301478326320648,
    0.045109089463949203
  ],
  "g": [
    0.293634295463562,
    0.3904963731765747,
    -0.21585234999656677,
    0.17986689507961273,
    0.401715487241745,
    0.22905048727989197,
    -0.10621058195829391,
    -0.470317006111145,
    -0.19336599111557007,
    0.19813907146453857,
    -0.27418002486228943,
    -0.2966204583644867,
    0.07417255640029907,
    0.11087454855442047,
    -0.0026041301898658276
  ]
}